[
{"product_kor_name": "푸르니에 소비뇽 그랑드 뀌베", "product_eng_name": "Domaine Fournier Sauvignon Grande Cuvee", "product_description": [{"Country / Winery": "프랑스 > 루아르 / 도멘 푸르니에"}, {"Grape Variety": "소비뇽 블랑 100%"}, {"Capacity": "750ml"}, {"Food Matching": "송어 등 생선 요리, 아시아 요리"}], "content_info": ["‘발 드 루아르’ 뀌베의 화이트 와인이다. 옅은 짚 색을 띄며, 자몽, 흰복숭아, 블랙커런트 싹의 아로마가 조화롭게 느껴진다. 이국적인 과실풍미가 입안을 가득채우며 깔끔하게 마무리된다.", "아로마가 잘 유지될 수 있도록 밤 또는 새벽에만 수확을 진행 하였으며, 스테인레스 통에서 에이징을 하여 그 신선함을 극대화 하였다. 최소 6개월간 주에 2회 Lees와 잘 섞이도록 저어주며 완성 시켰다.", "도멘 프루니에 뻬흐 에 피스의 역사는 상세르 와인의 역사와 서로 얽혀있다고 할 수 있다. 1926년 상세르 지역의 중심 Chaudoux 지역에 자리를 잡은 이후, 전통적인 방식을 이어오면서도 때때로 대담한 도전을 통해 상세르의 상징적인 에스테이트로 명성을 가지게 되었다. ‘상세르’ 떼루아에 대한 믿음과 열정, 강력한 리더십으로 프랑스 내수시장과 수출시장에서 상세르 부흥기를 주도하였다. 상세르에서의 성공을 기반으로 인근 Pouilly-Fume, Menetou-Salon 등의 아펠라시옹에도 진출하여 Centre-Loire 지역을 총망라하는 포트폴리오를 지니게 되었다. 비교적 서늘한 기후를 가진 지역인만큼, 기후변화를 잘 수용하여 오히려 와인의 품질에 그 변화를 반영하고자 노력하고 있다."], "product_img": "https://www.shinsegae-lnb.com/upload/product/wine/wine/images/20230406181643G4MBPM.jpg", "feature": [{"당도": "1"}, {"산도": "3"}, {"바디": "3"}]},
{"product_kor_name": "투핸즈 해리엇스 가든 쉬라즈", "product_eng_name": "Two Hands Harriet’s Garden Adelaide Hills Shiraz", "product_description": [{"Country / Winery": "호주 > 클레어 밸리 / 투핸즈"}, {"Grape Variety": "쉬라즈 100%"}, {"Capacity": "750ml"}, {"Food Matching": "양고기 버거, 스테이크, 갈비찜, 로즈마리 파이"}], "content_info": ["투핸즈 해리엇스 가든 쉬라즈는 맑고 붉은색을 띤 크림슨 색을 띠고 있다. 강하고 밝은 에너지와 생동감 넘치는 미감을 느낄 수 있다. 신선하고 입안 가득 느껴지는 과실의 풍미가 매력적이며 자두, 꽃, 자스민의 향기롭고 진한 아로마가 특징이다. ", "수확한 포도로 마세라시옹 과정을 거친 뒤 프리런 주스와 껍질을 압착한 주스를 섞어 배럴에 담는다. 젖산발효를 거친 뒤 18개월 간 프랑스산 오크통에서 숙성한 뒤 출시한다.", "지금 마셔도 좋지만 수확연도로부터 15년 더 두고 숙성할 수 있다.  "], "product_img": "https://www.shinsegae-lnb.com/upload/product/wine/wine/images/투핸즈 해리엇스 가든 쉬라즈.jpg", "feature": [{"당도": "1"}, {"산도": "2"}, {"바디": "4"}]},
{"product_kor_name": "페르소나 논 그라타", "product_eng_name": "Persona Non Grata", "product_description": [{"Country / Winery": "미국 > 캘리포니아 / 신세계엘앤비 픽"}, {"Grape Variety": "시라, 진판델, 템프라니요, 무르베르드, 쁘띠베르도"}, {"Capacity": "750ml"}, {"Food Matching": "바비큐 립, 구운 토마토 비스크, 햄버거"}], "content_info": ["잘 익어 응축된 붉은 과실류의 향에 가벼운 오크, 향신료 향이 어우러져 있다. 입 안을 가득 채우는 풀바디함과 짙은 자두향과 풍성함이 부드러운 텍스쳐와 조화를 이루는 와인이다. ", "와이너리가 위치한 레이크 카운티(Lake County)는 나파 밸리 북동쪽에 위치한 와인 생산지로 클리어 레이크, 벤모어, 게녹 밸리, 하이 밸리 AVA가 포함되어 있는 잠재력이 뛰어난 지역이다."], "product_img": "https://www.shinsegae-lnb.com/upload/product/wine/wine/images/페르소나-논-그라타.jpg", "feature": [{"당도": "1"}, {"산도": "2"}, {"바디": "3"}]},
{"product_kor_name": "샹파뉴 루이뒤몽 브륏 로제", "product_eng_name": "Champagne Louis Dumont Brut Rose", "product_description": [{"Country / Winery": "크로아티아 > 달마티아 / 신세계엘앤비 픽"}, {"Grape Variety": "피노누아 50%, 샤르도네 30%,  피노뫼니에 20%"}, {"Capacity": "750ml"}, {"Food Matching": "과일, 치즈가 올라간 크래커, 견과류 등"}], "content_info": ["잔에 따르면 우아한 핑크색과 섬세한 기포를 바로 즐길 수 있으며, 신선하고 활기찬 붉은과일 향이 부드럽게 피어난다. 입 안에서 감미로운 맛과 매끈한 질감이 나타나며, 끝에서 신선한 과일향이 느껴지며 마무리된다. ", "8-10℃로 차갑게 보관해 아페리티프로 즐기거나 과일이 들어간 디저트와 즐기면 좋다. ", "잔류당도 10g/l의 브륏 타입 샴페인으로, 몽타뉴 드 렝스(Montagne de Reims) 지방의 포도로 양조한 샴페인이다."], "product_img": "https://www.shinsegae-lnb.com/upload/product/wine/wine/images/샹파뉴 루이뒤몽 로제.jpg", "feature": [{"당도": "1"}, {"산도": "3"}, {"바디": "3"}]},
{"product_kor_name": "포츈 바이 빌헬름 바일 트레디션", "product_eng_name": "Fortune by Wilhelm Weil Tradition", "product_description": [{"Country / Winery": "독일 > 라인헤센 / 신세계엘앤비 픽"}, {"Grape Variety": "리슬링 100%"}, {"Capacity": "750ml"}, {"Food Matching": "담백한 채소요리, 흰살 생선, 해산물, 향신료가 가미된 아시아 음식"}], "content_info": ["푸른 자두, 자몽, 청사과, 리몬첼로, 파인애플 등 상큼한 향이 인상적이다. 산뜻하면서도 섬세한 풍미가 은은한 꽃 향기와 어우러져 균형 있는 피니쉬를 남긴다. ", "식전주로 마셔도 좋고 담백한 채소요리, 흰살 생선, 해산물, 향신료가 가미된 아시아 음식과 곁들여도 잘 어울린다.", "포츈 바이 빌헬름 바일은 독일 최고의 리슬링 와이너리인 로버트 바일의 오너인 ‘빌헬름 바일‘이 직접 포도 구입부터 양조에 참여하여 만들어졌으며, 30년 이상 와인 산업에 종사해온 빌헬름 바일의 노하우를 느낄 수 있는 와인이다."], "product_img": "https://www.shinsegae-lnb.com/upload/product/wine/wine/images/20230424162538KGYSFG.jpg", "feature": [{"당도": "2"}, {"산도": "3"}, {"바디": "2"}]},
{"product_kor_name": "트란베르살", "product_eng_name": "Tranversal", "product_description": [{"Country / Winery": "칠레 > 리마리 밸리 / 따발리"}, {"Grape Variety": "까베르네 비뇽 15%, 시라 25%, 까베르네 프랑 30%, 말벡 30%"}, {"Packaging": "용기구분"}, {"Capacity": "750ml"}, {"Food Matching": "스테이크, 갈비구이 등 다양한 붉은 육류요리, 신선한 치즈, 피자"}], "content_info": ["보랏빛이 도는 진한 붉은색을 띠고 즙이 가득한 체리, 검은 과실, 바이올렛, 검은 후추, 스모크, 스파이스 향들이 복잡하게 어우러져 진하고 우아하게 나타난다. 풀 바디한 와인으로, 훌륭한 구조와 함께 오크 숙성으로 인한 부드럽고 벨벳 같은 탄닌이 과일의 맛과 어우러져, 복잡하고도 우아한 맛을 길게 이어간다. 레드 블렌드는 좋은 잠재 숙성 능력과 완벽한 구조, 놀랄 만큼 긴 피니쉬 등을 통해 리마리 밸리에서 자란 품종의 잠재력을 보여주는 와인이다."], "product_img": "https://www.shinsegae-lnb.com/upload/product/wine/wine/images/트란베르살.jpg", "feature": [{"당도": "1"}, {"산도": "3"}, {"바디": "4"}]}
]